date,open,high,low,close,volume,turnover,change
2005-08-15,28.27,28.36,27.45,27.45,1211618,0,0.0
2005-08-22,27.54,29.67,26.91,29.02,14183234,0,1.57
2005-08-29,29.02,29.24,27.4,28.05,4648905,0,-0.97
2005-09-05,28.37,29.24,28.05,28.37,4271861,0,0.32
2005-09-12,28.81,28.81,27.51,27.83,3095644,0,-0.54
2005-09-19,28.16,28.91,26.86,27.4,3472661,0,-0.43
2005-09-26,27.4,35.53,26.86,35.26,2157697,0,7.86
2005-10-03,35.53,37.68,35.12,36.34,5094517,0,1.08
2005-10-10,36.34,36.6,34.59,35.53,2470359,0,-0.81
2005-10-17,36.07,36.07,34.18,34.59,2474477,0,-0.94
2005-10-24,34.59,35.26,32.3,32.57,2475852,0,-2.02
2005-10-31,32.84,35.26,32.7,34.45,2794430,0,1.88
2005-11-07,34.59,34.72,33.64,34.45,2050163,0,0.0
2005-11-14,34.59,36.6,34.18,36.07,6121660,0,1.61
2005-11-21,36.6,37.41,35.53,36.34,4292576,0,0.27
2005-11-28,36.74,38.62,36.74,36.87,8431357,0,0.54
2005-12-05,37.68,39.57,37.28,37.68,6101061,0,0.81
2005-12-12,37.82,39.16,36.74,37.95,4477956,0,0.27
2005-12-19,38.49,39.97,38.22,39.43,5647911,0,1.48
2005-12-26,39.43,40.91,38.49,39.83,6062613,0,0.4
2006-01-02,39.3,42.53,38.89,41.72,12722563,0,1.88
2006-01-09,44.54,46.7,42.53,42.79,12206245,0,1.08
2006-01-16,42.8,45.08,41.58,41.72,7928772,0,-1.08
2006-01-23,40.37,42.53,39.57,41.85,3042978,0,0.13
2006-01-30,43.6,43.6,42.39,43.47,1299033,0,1.61
2006-02-06,43.47,46.16,42.8,44.01,5045081,0,0.54
2006-02-13,44.01,47.1,43.74,45.76,7306719,0,1.75
2006-02-20,45.76,46.29,43.87,44.68,3546935,0,-1.08
2006-02-27,44.41,47.51,44.01,44.95,4402432,0,0.27
2006-03-06,44.95,46.7,44.95,45.89,2967451,0,0.94
2006-03-13,46.29,51.14,46.29,49.93,7367139,0,4.04
2006-03-20,50.6,51.95,47.1,47.24,4671575,0,-2.69
2006-03-27,47.51,50.06,47.24,49.52,2367369,0,2.29
2006-04-03,49.25,50.2,48.58,49.25,2004848,0,-0.27
2006-04-10,48.99,49.79,47.64,49.52,1938936,0,0.27
2006-04-17,49.93,53.29,48.58,50.87,5878606,0,1.35
2006-04-24,50.6,50.6,48.72,49.25,3450814,0,-1.61
2006-05-01,49.52,51.27,49.25,49.52,3711719,0,0.27
2006-05-08,50.06,50.06,47.64,47.77,3581265,0,-1.75
2006-05-15,47.64,48.31,47.24,47.64,1079322,0,-0.13
2006-05-22,48.04,48.99,45.08,45.49,2383848,0,-2.15
2006-05-29,45.49,46.83,45.08,45.89,830775,0,0.4
2006-06-05,45.76,45.76,39.3,41.18,2304204,0,-4.71
2006-06-12,41.18,42.93,40.91,41.99,1382796,0,0.81
2006-06-19,42.53,42.53,37.28,40.37,1164459,0,-1.61
2006-06-26,39.97,42.93,39.83,42.79,1535219,0,2.42
2006-07-03,42.8,43.33,41.99,43.2,2162764,0,0.4
2006-07-10,42.79,43.74,41.05,41.72,1728838,0,-1.48
2006-07-17,41.18,42.53,39.97,41.99,1304523,0,0.27
2006-07-24,41.72,42.66,40.78,42.53,722293,0,0.54
2006-07-31,42.8,43.87,41.85,43.47,1632715,0,0.94
2006-08-07,43.74,47.1,43.6,47.1,4641365,0,3.63
2006-08-14,47.91,48.31,45.49,45.89,3667776,0,-1.21
2006-08-21,45.89,46.88,44.01,46.08,6357633,0,0.19
2006-08-28,46.08,47.84,44.96,47.68,2925021,0,1.6
2006-09-04,48.0,49.28,46.72,47.84,3642255,0,0.16
2006-09-11,44.59,48.0,43.85,45.6,2743864,0,-2.24
2006-09-18,46.4,47.84,46.08,46.88,2364124,0,1.28
2006-09-25,46.88,47.36,45.76,46.08,1053770,0,-0.8
2006-10-02,46.08,47.2,45.76,47.04,1202945,0,0.96
2006-10-09,47.04,47.04,45.76,46.4,694558,0,-0.64
2006-10-16,46.08,46.4,45.44,46.08,1336607,0,-0.32
2006-10-23,46.08,46.4,42.52,46.24,1286673,0,0.16
2006-10-30,45.76,48.32,45.76,47.68,3337937,0,1.44
2006-11-06,46.4,49.12,46.4,48.0,4021755,0,0.32
2006-11-13,48.0,48.0,46.72,46.72,1210106,0,-1.28
2006-11-20,47.36,48.16,46.4,47.2,1477428,0,0.48
2006-11-27,47.84,48.0,46.4,47.04,1657631,0,-0.16
2006-12-04,47.2,48.0,46.72,47.36,2169600,0,0.32
2006-12-11,47.36,47.52,46.08,46.72,1039450,0,-0.64
2006-12-18,46.72,48.96,46.72,47.84,3293782,0,1.12
2006-12-25,48.32,50.24,48.32,48.64,3169668,0,0.8
2007-01-01,49.6,50.24,48.64,49.6,2856999,0,0.96
2007-01-08,49.6,49.6,46.72,47.36,3426249,0,-2.24
2007-01-15,47.84,48.96,47.36,48.32,2177952,0,0.96
2007-01-22,48.32,49.44,47.68,47.84,2528811,0,-0.48
2007-01-29,48.0,48.16,47.04,47.68,964266,0,-0.16
2007-02-05,47.84,48.64,47.68,47.68,1562159,0,0.0
2007-02-12,47.68,48.0,47.36,47.52,380694,0,-0.16
2007-02-26,48.32,48.32,46.72,47.36,1312739,0,-0.16
2007-03-05,43.55,47.36,41.63,46.72,1320424,0,-0.64
2007-03-12,46.72,46.88,45.76,46.4,975006,0,-0.32
2007-03-19,46.4,47.84,46.4,47.2,1214879,0,0.8
2007-03-26,47.36,48.8,47.04,48.16,2631444,0,0.96
2007-04-02,48.16,50.24,48.0,49.92,2686341,0,1.76
2007-04-09,50.24,50.56,48.32,49.6,2440500,0,-0.32
2007-04-16,49.6,49.6,47.68,48.48,1101506,0,-1.12
2007-04-23,48.8,52.48,48.16,51.84,5409681,0,3.36
2007-04-30,51.84,53.76,47.11,53.6,4426128,0,1.76
2007-05-07,54.08,57.28,52.8,55.2,7567348,0,1.6
2007-05-14,56.0,57.28,55.04,55.2,4820142,0,0.0
2007-05-21,55.68,62.24,55.52,61.12,9388476,0,5.92
2007-05-28,61.12,62.4,59.84,60.8,4564753,0,-0.32
2007-06-04,62.4,63.83,60.32,61.76,4400063,0,0.96
2007-06-11,62.56,73.11,61.92,68.79,9586580,0,7.04
2007-06-18,69.11,73.59,67.51,71.19,2669635,0,2.4
2007-06-25,66.66,71.99,65.92,70.71,3496993,0,-0.48
2007-07-02,71.35,79.03,70.07,78.71,4260435,0,8.0
2007-07-09,79.99,82.07,77.75,79.35,4725862,0,0.64
2007-07-16,79.99,80.79,74.23,79.35,3419089,0,0.0
2007-07-23,80.31,82.87,76.15,76.15,4085006,0,-3.2
2007-07-30,74.87,78.07,69.11,71.67,2510912,0,-4.48
2007-08-06,68.95,78.87,68.79,78.23,3847520,0,6.56
2007-08-13,79.35,81.59,70.71,74.87,4594587,0,-3.36
2007-08-20,79.67,94.71,77.43,94.07,7109081,0,19.2
2007-08-27,94.71,101.75,89.32,95.37,8690647,0,1.3
2007-09-03,95.73,99.11,89.32,96.08,4002310,0,0.71
2007-09-10,96.08,100.0,94.66,96.44,4966975,0,0.36
2007-09-17,97.51,100.0,91.64,94.13,3461965,0,-2.31
2007-09-24,95.02,99.11,92.88,96.62,2742610,0,2.49
2007-10-01,97.69,104.09,96.26,103.2,4763655,0,6.58
2007-10-08,103.56,103.91,94.66,95.02,2261935,0,-8.18
2007-10-15,95.73,96.08,91.81,92.88,1990105,0,-2.14
2007-10-22,88.26,95.19,87.19,88.26,2506140,0,-4.63
2007-10-29,89.32,94.31,88.26,92.53,1783470,0,4.27
2007-11-05,91.1,92.35,78.47,80.25,2053090,0,-12.28
2007-11-12,75.09,80.07,70.64,78.29,1845350,0,-1.96
2007-11-19,79.36,79.36,74.02,74.02,1217710,0,-4.27
2007-11-26,75.27,77.22,74.02,75.8,1563575,0,1.78
2007-12-03,75.8,85.23,75.62,80.07,2408900,0,4.27
2007-12-10,79.71,79.71,65.84,65.84,2095080,0,-14.23
2007-12-17,61.39,63.7,58.01,61.21,2743715,0,-4.63
2007-12-24,62.28,69.04,62.28,68.68,2111655,0,7.47
2007-12-31,70.11,73.49,65.84,66.55,2610010,0,-2.14
2008-01-07,61.92,61.92,53.74,57.12,4239885,0,-9.43
2008-01-14,57.12,57.29,48.75,51.07,6137170,0,-6.05
2008-01-21,51.6,51.96,46.44,48.04,4553705,0,-3.02
2008-01-28,47.69,47.69,42.7,46.44,2930460,0,-1.6
2008-02-11,46.44,51.42,44.84,51.42,2544815,0,4.98
2008-02-18,53.02,56.58,49.82,56.05,3634345,0,4.63
2008-02-25,56.94,57.29,52.31,52.85,2327130,0,-3.2
2008-03-03,50.53,54.27,50.0,52.67,3415555,0,-0.18
2008-03-10,51.96,54.8,51.25,51.25,2881840,0,-1.42
2008-03-17,50.18,54.8,48.4,53.74,4088500,0,2.49
2008-03-24,55.16,56.94,53.91,56.23,3013335,0,2.49
2008-03-31,56.23,61.74,55.34,61.03,2478515,0,4.8
2008-04-07,61.03,63.17,58.01,61.74,2735980,0,0.71
2008-04-14,61.74,64.77,60.85,63.34,2135965,0,1.6
2008-04-21,65.12,65.12,59.43,60.68,2675205,0,-2.67
2008-04-28,59.43,63.17,59.43,62.45,1328210,0,1.78
2008-05-05,62.99,66.19,60.68,65.48,3027700,0,3.02
2008-05-12,66.19,66.19,60.5,62.28,3792360,0,-3.2
2008-05-19,62.28,63.34,60.5,60.85,3658655,0,-1.42
2008-05-26,60.85,60.85,56.23,58.36,2507245,0,-2.49
2008-06-02,59.43,63.34,56.94,62.28,2705040,0,3.91
2008-06-09,60.5,62.1,57.29,58.9,1585675,0,-3.38
2008-06-16,59.43,61.03,58.18,58.72,1100580,0,-0.18
2008-06-23,58.36,59.07,51.42,51.42,2345915,0,-7.3
2008-06-30,50.18,50.36,46.26,48.04,2137070,0,-3.38
2008-07-07,48.58,51.96,48.04,51.42,2109445,0,3.38
2008-07-14,50.0,51.42,47.69,48.75,1209975,0,-2.67
2008-07-21,50.89,52.49,49.82,50.53,1608880,0,1.78
2008-07-28,50.53,51.96,48.4,49.47,886210,0,-1.07
2008-08-04,49.11,56.14,48.75,55.94,2720890,0,6.47
2008-08-11,57.17,62.52,56.96,57.79,1883000,0,1.85
2008-08-18,57.99,60.05,56.35,57.58,1549000,0,-0.21
2008-08-25,58.61,59.02,56.96,57.99,723000,0,0.41
2008-09-01,57.79,57.79,51.62,53.88,1219000,0,-4.11
2008-09-08,55.94,57.17,52.64,53.47,1195000,0,-0.41
2008-09-15,53.06,53.06,42.77,46.27,1515000,0,-7.2
2008-09-22,47.92,49.77,46.68,47.3,1166000,0,1.03
2008-09-29,47.3,47.3,43.39,45.45,851000,0,-1.85
2008-10-06,45.24,46.68,40.31,40.31,1668000,0,-5.14
2008-10-13,39.48,42.16,38.91,39.11,1081000,0,-1.19
2008-10-20,37.76,41.75,36.52,36.52,1309000,0,-2.59
2008-10-27,34.1,38.66,32.2,38.41,3116000,0,1.89
2008-11-03,38.25,40.06,33.52,35.91,2339000,0,-2.51
2008-11-10,35.58,35.91,30.44,30.97,1461000,0,-4.94
2008-11-17,28.83,30.23,27.15,29.94,377994000,0,-1.03
2008-11-24,29.94,33.11,28.67,32.12,1317000,0,2.18
2008-12-01,32.08,32.94,30.48,31.63,231684000,0,-0.49
2008-12-08,31.63,36.44,31.63,34.14,1518000,0,2.51
2008-12-15,34.67,35.86,33.73,34.63,313937000,0,0.49
2008-12-22,34.88,34.96,32.53,33.93,546000,0,-0.7
2008-12-29,33.93,33.93,32.04,33.52,1346000,0,-0.41
2009-01-05,33.93,35.95,33.93,34.51,2292000,0,0.99
2009-01-12,35.21,35.78,34.22,34.84,787000,0,0.33
2009-01-19,34.96,35.17,34.14,34.34,293000,0,-0.49
2009-02-02,34.38,35.78,33.68,33.73,1408000,0,-0.62
2009-02-09,34.14,34.18,33.07,33.64,1670000,0,-0.08
2009-02-16,33.64,34.14,32.9,32.9,888000,0,-0.74
2009-02-23,32.7,34.14,32.16,33.89,1539000,0,0.99
2009-03-02,33.73,34.96,32.29,33.19,1483000,0,-0.7
2009-03-09,33.23,36.65,33.23,35.95,4300000,0,2.76
2009-03-16,36.23,36.52,34.42,34.47,2240000,0,-1.48
2009-03-23,34.92,38.62,34.75,37.92,4702000,0,3.45
2009-03-30,37.88,38.7,36.19,37.67,2712000,0,-0.25
2009-04-06,37.88,39.9,37.02,38.83,3203000,0,1.15
2009-04-13,38.83,41.33,38.09,39.2,4491000,0,0.37
2009-04-20,39.2,40.84,38.46,39.69,3035000,0,0.49
2009-04-27,39.9,40.18,36.6,39.15,2964000,0,-0.53
2009-05-04,39.81,40.51,38.58,39.77,3733000,0,0.62
2009-05-11,39.77,41.95,39.03,39.32,3390000,0,-0.45
2009-05-18,38.91,43.39,38.46,43.39,4214000,0,4.07
2009-05-25,46.27,49.35,45.45,46.48,6079000,0,3.08
2009-06-01,46.68,47.5,42.36,43.19,4036000,0,-3.29
2009-06-08,43.6,43.6,39.48,40.02,2169000,0,-3.17
2009-06-15,39.9,39.9,37.1,37.92,1312000,0,-2.1
2009-06-22,38.04,40.14,37.76,39.28,1435000,0,1.36
2009-06-29,39.44,40.72,38.78,40.02,1392000,0,0.74
2009-07-06,40.02,42.57,39.77,41.57,3182000,0,1.55
2009-07-13,41.57,42.88,40.17,42.4,1745000,0,0.83
2009-07-20,42.44,44.63,42.44,42.88,2684000,0,0.48
2009-07-27,43.32,45.07,42.66,43.67,2988000,0,0.79
2009-08-03,43.67,44.19,41.83,42.09,1437000,0,-1.58
2009-08-10,42.09,43.67,41.39,42.66,1473000,0,0.57
2009-08-17,42.66,42.66,39.95,39.99,1460000,0,-2.67
2009-08-24,40.25,40.69,39.29,39.82,926000,0,-0.18
2009-08-31,40.04,41.57,39.95,41.35,1368000,0,1.53
2009-09-07,41.57,43.1,41.17,41.7,1667000,0,0.35
2009-09-14,41.7,42.66,41.13,42.22,1557000,0,0.53
2009-09-21,42.31,49.0,42.31,46.16,7638000,0,3.94
2009-09-28,45.07,46.38,44.19,44.41,2229000,0,-1.75
2009-10-05,44.63,45.5,43.58,43.97,1871000,0,-0.44
2009-10-12,44.63,45.94,43.54,44.85,1650000,0,0.88
2009-10-19,45.07,46.38,43.97,44.19,1193000,0,-0.66
2009-10-26,44.19,44.63,41.39,41.83,1272000,0,-2.36
2009-11-02,40.25,42.09,40.25,41.44,1371000,0,-0.39
2009-11-09,42.14,42.22,41.57,42.0,1019000,0,0.57
2009-11-16,42.0,42.88,41.61,42.75,2066000,0,0.74
2009-11-23,42.79,45.07,42.35,42.44,2701000,0,-0.31
2009-11-30,42.88,43.32,42.53,42.53,959000,0,0.09
2009-12-07,42.88,45.07,42.88,43.54,3435000,0,1.01
2009-12-14,43.62,44.63,43.1,43.4,2486000,0,-0.13
2009-12-21,43.75,47.25,43.49,45.5,4722000,0,2.1
2009-12-28,45.94,49.44,45.5,47.04,5367000,0,1.53
2010-01-04,47.25,49.44,46.38,46.82,4626000,0,-0.22
2010-01-11,46.82,50.32,46.38,49.22,3197000,0,2.41
2010-01-18,49.0,52.94,48.35,50.54,9456000,0,1.31
2010-01-25,50.32,51.63,46.38,50.54,5854000,0,0.0
2010-02-01,51.19,51.85,48.13,49.66,5189000,0,-0.88
2010-02-08,50.32,53.82,49.0,52.5,3880000,0,2.84
2010-02-22,53.82,53.82,50.32,52.07,5312000,0,-0.44
2010-03-01,52.5,54.69,52.5,53.38,4639000,0,1.31
2010-03-08,53.38,53.82,51.19,51.19,3959000,0,-2.19
2010-03-15,51.63,52.29,50.97,51.41,2286000,0,0.22
2010-03-22,51.41,53.38,51.41,51.63,3070000,0,0.22
2010-03-29,52.07,53.82,51.19,53.6,4042000,0,1.97
2010-04-05,54.04,54.04,51.85,51.85,3694000,0,-1.75
2010-04-12,52.07,52.29,49.88,49.88,2891000,0,-1.97
2010-04-19,49.22,49.88,47.47,48.79,2691000,0,-1.09
2010-04-26,49.0,49.22,46.16,46.16,2379000,0,-2.63
2010-05-03,46.16,46.38,42.66,44.63,2553000,0,-1.53
2010-05-10,44.85,45.5,43.75,44.63,1128000,0,0.0
2010-05-17,44.19,44.41,40.91,41.04,1532000,0,-3.59
2010-05-24,41.35,43.32,40.69,43.27,1471000,0,2.23
2010-05-31,43.49,43.54,42.22,42.75,833000,0,-0.53
2010-06-07,41.13,41.92,40.25,41.3,1042000,0,-1.44
2010-06-14,41.48,42.35,41.48,41.83,832000,0,0.53
2010-06-21,41.83,42.75,41.83,42.05,818000,0,0.22
2010-06-28,42.14,42.57,40.82,41.52,725000,0,-0.53
2010-07-05,41.7,43.86,41.7,43.25,2429000,0,1.73
2010-07-12,43.35,43.35,42.51,42.55,982000,0,-0.7
2010-07-19,42.51,42.51,41.71,42.13,744000,0,-0.42
2010-07-26,42.13,43.35,41.9,42.55,884000,0,0.42
2010-08-02,42.88,42.97,42.04,42.23,689000,0,-0.33
2010-08-09,42.23,42.46,41.85,42.04,757000,0,-0.19
2010-08-16,42.04,43.53,41.95,43.11,951000,0,1.07
2010-08-23,43.11,43.11,40.87,41.01,959000,0,-2.1
2010-08-30,41.06,41.25,38.08,40.04,993000,0,-0.98
2010-09-06,40.08,40.78,39.62,40.13,669000,0,0.09
2010-09-13,40.18,41.53,40.18,40.69,734000,0,0.56
2010-09-20,40.69,40.87,40.36,40.78,303000,0,0.09
2010-09-27,41.01,41.01,40.22,40.5,525000,0,-0.28
2010-10-04,40.5,40.5,39.15,39.38,822000,0,-1.12
2010-10-11,39.43,39.66,39.2,39.24,568000,0,-0.14
2010-10-18,39.15,39.34,38.4,39.24,688000,0,0.0
2010-10-25,39.15,40.32,39.15,40.18,1365000,0,0.93
2010-11-01,40.18,40.41,39.62,40.08,680000,0,-0.09
2010-11-08,40.08,40.08,39.24,39.38,367000,0,-0.7
2010-11-15,39.38,40.55,39.29,40.08,574000,0,0.7
2010-11-22,40.08,40.78,39.99,40.13,810000,0,0.05
2010-11-29,40.32,40.92,40.18,40.64,563000,0,0.51
2010-12-06,40.64,43.07,40.32,41.99,1743000,0,1.35
2010-12-13,42.04,42.83,41.01,41.95,1077000,0,-0.05
2010-12-20,42.6,42.6,41.62,41.67,654000,0,-0.28
2010-12-27,41.95,41.95,40.32,40.97,523000,0,-0.7
2011-01-03,40.92,41.25,40.46,40.74,571000,0,-0.23
2011-01-10,41.01,41.25,40.6,40.78,412000,0,0.05
2011-01-17,40.97,41.48,40.69,41.11,497000,0,0.33
2011-01-24,41.2,42.32,41.2,41.95,979000,0,0.84
2011-02-07,42.18,42.18,40.13,40.18,545000,0,-1.77
2011-02-14,40.46,40.5,39.29,39.94,848000,0,-0.23
2011-02-21,40.08,40.55,39.24,39.76,733000,0,-0.19
2011-02-28,39.76,41.11,39.76,40.69,556000,0,0.93
2011-03-07,40.69,42.79,40.69,41.34,1372000,0,0.65
2011-03-14,41.25,41.25,38.82,40.69,1107000,0,-0.65
2011-03-21,40.78,42.74,40.78,41.81,974000,0,1.12
2011-03-28,41.53,44.23,41.15,43.62,3249000,0,1.82
2011-04-04,44.28,45.4,43.25,44.98,1762000,0,1.35
2011-04-11,45.21,46.61,44.84,46.09,3070000,0,1.12
2011-04-18,46.37,48.94,46.14,47.54,4028000,0,1.44
2011-04-25,47.54,48.24,45.02,45.68,2341000,0,-1.86
2011-05-02,46.14,48.01,44.04,46.51,1907000,0,0.84
2011-05-09,47.07,47.77,46.0,46.23,1452000,0,-0.28
2011-05-16,46.14,48.01,46.0,46.61,1308000,0,0.37
2011-05-23,46.61,47.07,45.82,46.61,1256000,0,0.0
2011-05-30,46.61,48.47,46.61,47.77,1277000,0,1.17
2011-06-06,47.77,51.04,47.77,48.71,2778000,0,0.93
2011-06-13,48.01,48.94,46.61,46.61,1649000,0,-2.1
2011-06-20,47.07,47.54,46.14,47.31,849000,0,0.7
2011-06-27,47.07,49.87,46.84,48.94,1074000,0,1.63
2011-07-04,49.4,50.34,48.71,49.17,1487000,0,0.23
2011-07-11,49.17,49.4,47.01,48.01,2049000,0,-1.17
2011-07-18,48.01,48.91,46.26,48.46,1008000,0,0.45
2011-07-25,48.56,48.56,46.91,46.91,724000,0,-1.55
2011-08-01,46.91,47.51,42.86,43.01,1243000,0,-3.9
2011-08-08,43.01,44.81,39.8,43.26,1690000,0,0.25
2011-08-15,43.26,44.21,41.76,41.86,630000,0,-1.4
2011-08-22,41.86,44.01,41.86,43.01,527000,0,1.15
2011-08-29,43.06,44.91,43.06,44.21,704000,0,1.2
2011-09-05,43.86,44.56,42.91,43.81,491000,0,-0.4
2011-09-12,43.26,44.01,42.86,44.01,338000,0,0.2
2011-09-19,44.01,44.41,43.01,43.51,644000,0,-0.5
2011-09-26,42.56,43.36,42.31,43.21,672000,0,-0.3
2011-10-03,42.76,44.51,41.81,43.66,950000,0,0.45
2011-10-10,44.26,44.96,43.91,44.66,863000,0,1.0
2011-10-17,45.16,45.71,44.06,44.21,680000,0,-0.45
2011-10-24,45.01,45.71,44.41,44.91,533000,0,0.7
2011-10-31,45.51,45.51,44.36,45.31,605000,0,0.4
2011-11-07,45.31,46.91,45.01,45.36,993000,0,0.05
2011-11-14,45.66,46.01,45.06,45.26,433000,0,-0.1
2011-11-21,45.26,45.26,43.06,43.56,659000,0,-1.7
2011-11-28,43.76,44.91,43.11,44.51,351000,0,0.95
2011-12-05,44.76,44.76,42.61,43.56,415000,0,-0.95
2011-12-12,43.81,44.16,43.01,43.51,245000,0,-0.05
2011-12-19,43.01,44.36,42.71,44.21,386000,0,0.7
2011-12-26,44.66,46.31,43.56,45.01,1188000,0,0.8
2012-01-02,45.01,45.46,44.91,45.11,150000,0,0.1
2012-01-09,45.56,45.76,44.31,44.31,737000,0,-0.8
2012-01-16,45.01,45.51,44.11,45.26,540000,0,0.95
2012-01-30,45.76,49.16,45.66,48.36,2473000,0,3.1
2012-02-06,48.51,49.26,47.06,47.66,1431000,0,-0.7
2012-02-13,47.66,49.51,47.56,47.81,1428000,0,0.15
2012-02-20,47.81,49.46,47.81,48.41,1034000,0,0.6
2012-02-27,48.96,53.01,48.46,52.01,3029000,0,3.6
2012-03-05,52.26,52.26,47.76,49.76,3117000,0,-2.25
2012-03-12,49.76,52.26,49.51,51.26,1839000,0,1.5
2012-03-19,51.26,52.51,50.01,51.51,2541000,0,0.25
2012-03-26,52.26,52.26,49.66,50.26,2054000,0,-1.25
2012-04-02,50.01,50.51,47.56,49.01,1793000,0,-1.25
2012-04-09,48.81,49.81,48.26,49.26,973000,0,0.25
2012-04-16,49.51,49.66,48.01,48.26,926000,0,-1.0
2012-04-23,48.31,49.31,48.01,48.46,560000,0,0.2
2012-04-30,49.01,50.01,48.06,49.96,694000,0,1.5
2012-05-07,49.51,49.66,48.46,48.66,643000,0,-1.3
2012-05-14,49.11,49.51,47.81,48.06,512000,0,-0.6
2012-05-21,48.01,48.76,47.61,48.01,405000,0,-0.05
2012-05-28,48.01,49.36,47.61,47.76,638000,0,-0.25
2012-06-04,47.26,47.51,45.21,45.71,1150000,0,-2.05
2012-06-11,45.96,46.31,43.06,43.06,1326000,0,-2.65
2012-06-18,45.26,46.26,44.61,45.96,779000,0,2.9
2012-06-25,46.01,46.51,45.66,46.46,611000,0,0.5
2012-07-02,47.01,48.51,46.76,47.66,1862000,0,1.2
2012-07-09,47.49,47.6,46.68,46.95,983000,0,-0.7
2012-07-16,47.17,47.49,46.47,47.44,463000,0,0.49
2012-07-23,47.39,47.39,46.52,47.06,291000,0,-0.38
2012-07-30,47.33,47.76,47.17,47.22,282000,0,0.16
2012-08-06,47.76,48.3,47.33,48.25,432000,0,1.03
2012-08-13,48.25,48.41,47.49,47.66,464000,0,-0.59
2012-08-20,47.66,49.38,47.55,49.17,613000,0,1.51
2012-08-27,49.38,49.38,48.3,48.57,366000,0,-0.59
2012-09-03,48.57,49.17,48.3,48.63,565000,0,0.05
2012-09-10,48.68,49.65,48.63,49.11,530000,0,0.49
2012-09-17,49.11,49.38,48.52,49.06,422000,0,-0.05
2012-09-24,49.11,49.38,48.74,49.06,386000,0,0.0
2012-10-01,48.84,49.33,48.79,48.95,249000,0,-0.11
2012-10-08,48.95,49.01,48.47,48.57,490000,0,-0.38
2012-10-15,48.57,48.63,48.41,48.47,188000,0,-0.11
2012-10-22,48.36,48.57,46.95,47.66,427000,0,-0.81
2012-10-29,47.66,48.09,47.28,47.82,397000,0,0.16
2012-11-05,47.76,48.52,47.44,47.93,253000,0,0.11
2012-11-12,47.55,47.71,47.33,47.44,192000,0,-0.49
2012-11-19,47.33,47.76,47.01,47.55,243000,0,0.11
2012-11-26,47.66,48.2,47.55,47.93,252000,0,0.38
2012-12-03,48.03,48.52,47.93,47.93,408000,0,0.0
2012-12-10,47.98,48.09,47.55,47.98,340000,0,0.05
2012-12-17,47.98,47.98,47.6,47.66,333000,0,-0.32
2012-12-24,47.55,48.2,47.49,47.76,477000,0,0.11
2012-12-31,47.93,48.25,47.76,48.2,212000,0,0.43
2013-01-07,48.25,48.36,47.49,47.87,587000,0,-0.32
2013-01-14,47.87,48.03,47.55,47.66,313000,0,-0.22
2013-01-21,47.55,48.84,47.49,48.68,556000,0,1.03
2013-01-28,48.74,49.01,48.3,48.95,682000,0,0.27
2013-02-04,49.11,49.33,48.74,49.27,459000,0,0.32
2013-02-18,49.27,49.38,48.79,48.84,424000,0,-0.43
2013-02-25,48.79,49.22,48.74,49.11,287000,0,0.27
2013-03-04,49.11,49.38,48.9,49.06,600000,0,-0.05
2013-03-11,49.06,49.92,48.9,49.54,502000,0,0.49
2013-03-18,49.54,49.54,48.79,49.11,318000,0,-0.43
2013-03-25,49.11,51.06,49.11,50.41,871000,0,1.3
2013-04-01,50.41,50.46,50.03,50.19,336000,0,-0.22
2013-04-08,50.08,50.14,49.11,49.49,1093000,0,-0.7
2013-04-15,49.38,50.46,49.17,49.98,824000,0,0.49
2013-04-22,49.98,50.84,49.98,50.25,976000,0,0.27
2013-04-29,50.19,50.68,50.08,50.3,403000,0,0.05
2013-05-06,50.46,50.68,50.14,50.57,820000,0,0.27
2013-05-13,50.68,50.68,50.25,50.46,524000,0,-0.11
2013-05-20,50.52,50.57,50.19,50.25,406000,0,-0.22
2013-05-27,50.19,50.52,50.08,50.46,334000,0,0.22
2013-06-03,50.19,50.46,50.08,50.35,345000,0,-0.11
2013-06-10,50.35,50.35,49.27,49.76,481000,0,-0.59
2013-06-17,50.03,50.62,49.6,50.62,657000,0,0.86
2013-06-24,50.52,51.0,50.19,50.73,954000,0,0.11
2013-07-01,50.73,51.5,50.57,51.39,2210000,0,0.66
2013-07-08,51.39,51.62,50.63,51.5,699000,0,0.12
2013-07-15,51.56,52.44,51.56,51.56,643000,0,0.06
2013-07-22,51.62,53.08,51.62,52.44,963000,0,0.87
2013-07-29,52.15,52.55,51.56,51.85,761000,0,-0.58
2013-08-05,51.85,52.55,51.68,51.74,530000,0,-0.12
2013-08-12,51.74,51.74,50.98,51.33,655000,0,-0.41
2013-08-19,51.27,51.56,50.81,51.1,403000,0,-0.23
2013-08-26,51.1,51.16,50.69,51.16,331000,0,0.06
2013-09-02,51.45,51.74,51.27,51.33,272000,0,0.17
2013-09-09,51.33,51.74,51.21,51.5,329000,0,0.17
2013-09-16,51.56,51.97,51.45,51.8,207000,0,0.29
2013-09-23,51.97,52.73,51.97,52.32,551000,0,0.52
2013-09-30,52.32,52.55,51.74,52.38,264000,0,0.06
2013-10-07,51.85,52.44,50.81,50.92,780000,0,-1.46
2013-10-14,50.92,51.39,50.75,51.39,449000,0,0.47
2013-10-21,51.39,52.73,51.27,52.32,626000,0,0.93
2013-10-28,52.32,52.32,51.5,51.68,326000,0,-0.64
2013-11-04,51.68,51.68,50.75,50.86,451000,0,-0.82
2013-11-11,50.69,51.16,50.57,50.63,230000,0,-0.23
2013-11-18,50.63,50.98,50.34,50.51,306000,0,-0.12
2013-11-25,50.92,50.98,50.34,50.92,386000,0,0.41
2013-12-02,51.16,51.27,48.24,49.52,1361000,0,-1.4
2013-12-09,49.52,49.52,48.3,48.59,569000,0,-0.93
2013-12-16,48.65,48.82,48.24,48.53,368000,0,-0.06
2013-12-23,48.53,48.94,48.42,48.65,312000,0,0.12
2013-12-30,48.65,49.17,48.65,48.77,318000,0,0.12
2014-01-06,48.94,49.58,48.94,49.35,454000,0,0.58
2014-01-13,49.35,49.52,49.0,49.47,364000,0,0.12
2014-01-20,49.47,49.64,49.17,49.23,317000,0,-0.23
2014-01-27,49.06,49.06,48.82,48.94,82000,0,-0.29
2014-02-03,48.88,49.23,48.36,48.65,232000,0,-0.29
2014-02-10,48.59,48.82,48.24,48.24,516000,0,-0.41
2014-02-17,48.36,49.29,48.24,48.77,413000,0,0.52
2014-02-24,48.77,49.52,48.65,49.41,388000,0,0.64
2014-03-03,49.52,49.52,48.36,48.59,547000,0,-0.82
2014-03-10,48.42,48.82,48.3,48.59,317000,0,0.0
2014-03-17,48.65,49.41,48.36,48.53,384000,0,-0.06
2014-03-24,48.53,49.17,48.24,48.77,405000,0,0.23
2014-03-31,48.82,49.12,48.53,49.06,442000,0,0.29
2014-04-07,49.0,49.0,48.36,48.53,516000,0,-0.52
2014-04-14,48.53,48.77,48.24,48.48,434000,0,-0.06
2014-04-21,48.42,48.88,47.89,47.95,408000,0,-0.52
2014-04-28,46.67,47.95,46.61,47.31,374000,0,-0.64
2014-05-05,47.31,47.43,44.57,44.63,1022000,0,-2.68
2014-05-12,47.72,55.53,47.72,54.19,12519000,0,9.56
2014-05-19,54.19,54.48,51.33,52.9,4213000,0,-1.28
2014-05-26,54.48,54.48,53.19,53.6,2415000,0,0.7
2014-06-02,53.6,54.59,53.25,54.19,1701000,0,0.58
2014-06-09,54.77,57.68,54.65,55.64,4931000,0,1.46
2014-06-16,57.8,58.26,56.52,57.97,6326000,0,2.33
2014-06-23,57.97,58.26,57.16,57.91,4225000,0,-0.06
2014-06-30,57.97,58.55,54.66,55.32,7676000,0,-2.59
2014-07-07,55.1,55.32,52.48,53.06,2828000,0,-2.26
2014-07-14,53.06,53.35,49.56,50.65,2452000,0,-2.41
2014-07-21,50.65,51.24,50.36,51.02,873000,0,0.36
2014-07-28,51.02,51.6,49.93,50.51,1135000,0,-0.51
2014-08-04,50.29,50.65,44.46,45.48,1622000,0,-5.03
2014-08-11,45.63,48.1,45.63,46.06,811000,0,0.58
2014-08-18,46.06,46.57,45.19,46.43,688000,0,0.36
2014-08-25,46.79,50.87,46.5,49.71,1208000,0,3.28
2014-09-01,50.51,50.51,47.08,47.59,747000,0,-2.11
2014-09-08,47.74,47.74,46.65,46.79,374000,0,-0.8
2014-09-15,46.79,47.01,45.92,45.92,481000,0,-0.87
2014-09-22,46.06,46.57,45.55,45.55,515000,0,-0.36
2014-09-29,46.21,47.74,45.55,47.67,596000,0,2.11
2014-10-06,47.67,48.76,47.08,47.37,614000,0,-0.29
2014-10-13,46.65,46.86,41.91,41.91,1482000,0,-5.47
2014-10-20,42.13,43.15,40.82,41.03,683000,0,-0.87
2014-10-27,41.03,41.03,37.9,40.67,794000,0,-0.36
2014-11-03,40.67,40.89,38.63,38.85,313000,0,-1.82
2014-11-10,39.14,39.14,37.97,38.63,441000,0,-0.22
2014-11-17,38.77,38.92,36.08,36.3,793000,0,-2.33
2014-11-24,36.41,36.81,35.02,35.13,1242000,0,-1.17
2014-12-01,34.26,36.11,34.26,35.9,714000,0,0.77
2014-12-08,35.9,38.05,35.75,36.51,1015000,0,0.62
2014-12-15,36.44,36.95,35.82,36.11,702000,0,-0.4
2014-12-22,36.08,37.9,35.86,37.54,857000,0,1.42
2014-12-29,37.9,38.41,36.66,36.66,502000,0,-0.87
2015-01-05,37.03,37.03,35.71,36.08,723000,0,-0.58
2015-01-12,36.3,36.59,35.57,35.64,571000,0,-0.44
2015-01-19,35.64,36.04,35.35,35.71,582000,0,0.07
2015-01-26,36.08,37.9,36.08,36.81,1423000,0,1.09
2015-02-02,36.81,36.95,35.75,35.75,685000,0,-1.06
2015-02-09,35.75,36.37,35.75,36.37,356000,0,0.62
2015-02-23,36.66,36.66,36.15,36.26,263000,0,-0.11
2015-03-02,36.26,36.73,36.15,36.44,535000,0,0.18
2015-03-09,36.59,36.73,35.93,36.0,460000,0,-0.44
2015-03-16,36.0,36.41,34.33,34.44,1354000,0,-1.57
2015-03-23,34.26,34.36,33.24,33.45,1116000,0,-0.98
2015-03-30,33.45,33.6,32.54,32.58,592000,0,-0.87
2015-04-06,32.94,32.94,31.01,31.74,889000,0,-0.84
2015-04-13,31.78,32.51,31.38,32.21,864000,0,0.47
2015-04-20,32.21,33.67,32.21,32.87,1033000,0,0.66
2015-04-27,32.69,33.38,30.03,30.21,906000,0,-2.66
2015-05-04,30.1,30.1,27.04,27.59,1698000,0,-2.62
2015-05-11,27.4,27.4,25.36,26.35,882000,0,-1.24
2015-05-18,26.38,26.53,25.58,26.38,492000,0,0.04
2015-05-25,26.06,26.46,25.91,26.35,349000,0,-0.04
2015-06-01,26.42,26.42,23.54,23.54,577000,0,-2.81
2015-06-08,23.54,23.54,20.48,21.06,889000,0,-2.48
2015-06-15,20.48,21.65,20.48,21.25,334000,0,0.18
2015-06-22,21.28,23.61,21.14,22.89,828000,0,1.64
2015-06-29,22.89,23.14,22.05,22.48,555000,0,-0.4
2015-07-06,22.23,22.59,20.41,21.14,385000,0,-1.35
2015-07-13,21.76,21.76,20.77,20.92,224000,0,-0.22
2015-07-20,21.36,21.36,19.86,20.04,293000,0,-0.87
2015-07-27,19.75,20.04,18.29,18.98,733000,0,-1.07
2015-08-03,18.98,20.02,18.86,19.52,297000,0,0.54
2015-08-10,19.44,20.06,19.29,19.63,292000,0,0.12
2015-08-17,19.63,19.98,19.02,19.02,429000,0,-0.62
2015-08-24,18.98,20.06,17.78,19.94,913000,0,0.93
2015-08-31,19.52,21.14,19.36,19.9,911000,0,-0.04
2015-09-07,19.9,21.37,19.83,21.14,328000,0,1.23
2015-09-14,21.14,21.99,20.67,20.91,1063000,0,-0.23
2015-09-21,20.67,21.14,19.98,20.44,501000,0,-0.46
2015-09-28,20.44,20.48,20.1,20.13,152000,0,-0.31
2015-10-05,20.17,21.14,20.1,20.52,252000,0,0.39
2015-10-12,20.52,21.45,20.37,21.37,677000,0,0.85
2015-10-19,21.52,22.53,21.52,21.83,855000,0,0.46
2015-10-26,21.87,22.06,20.6,20.71,489000,0,-1.12
2015-11-02,20.21,21.18,19.86,20.94,820000,0,0.23
2015-11-09,20.83,20.98,19.13,19.17,793000,0,-1.77
2015-11-16,19.17,20.44,19.17,19.94,377000,0,0.77
2015-11-23,19.94,20.64,19.59,19.94,223000,0,0.0
2015-11-30,20.1,20.1,19.44,19.79,222000,0,-0.15
2015-12-07,20.06,20.71,19.32,19.32,281000,0,-0.46
2015-12-14,19.29,19.9,18.75,19.44,218000,0,0.12
2015-12-21,19.44,20.06,19.29,19.44,410000,0,0.0
2015-12-28,19.44,19.63,19.36,19.52,208000,0,0.08
2016-01-04,19.52,19.67,18.94,19.21,433000,0,-0.31
2016-01-11,18.94,19.4,18.51,18.9,402000,0,-0.31
2016-01-18,18.9,19.36,18.78,19.21,197000,0,0.31
2016-01-25,19.29,19.56,18.98,19.32,153000,0,0.12
2016-02-01,19.29,19.36,19.09,19.21,91000,0,-0.12
2016-02-15,18.98,20.02,18.98,20.02,281000,0,0.81
2016-02-22,20.02,21.02,20.02,20.71,704000,0,0.69
2016-02-29,20.71,20.87,20.52,20.6,245000,0,-0.12
2016-03-07,20.79,20.83,20.4,20.56,397000,0,-0.04
2016-03-14,20.64,20.71,20.25,20.44,453000,0,-0.12
2016-03-21,20.48,20.48,19.59,19.67,235000,0,-0.77
2016-03-28,19.67,20.13,19.48,19.52,159000,0,-0.15
2016-04-04,19.36,19.56,19.13,19.52,130000,0,0.0
2016-04-11,19.32,19.44,19.21,19.32,202000,0,-0.19
2016-04-18,19.29,19.63,19.13,19.17,272000,0,-0.15
2016-04-25,19.13,19.4,19.09,19.29,190000,0,0.12
2016-05-02,19.29,19.4,19.13,19.29,267000,0,0.0
2016-05-09,19.29,19.29,18.9,19.13,210000,0,-0.15
2016-05-16,19.13,19.29,18.9,19.25,136000,0,0.12
2016-05-23,19.25,19.4,18.98,19.21,163000,0,-0.04
2016-05-30,19.13,19.52,19.09,19.29,201000,0,0.08
2016-06-06,19.29,19.36,19.09,19.13,71000,0,-0.15
2016-06-13,19.13,19.29,18.98,19.05,81000,0,-0.08
2016-06-20,19.05,19.29,18.63,18.78,132000,0,-0.27
2016-06-27,18.67,18.9,18.67,18.82,423000,0,0.04
2016-07-04,18.82,19.02,18.4,18.4,240000,0,-0.42
2016-07-11,18.56,19.16,18.52,19.0,205000,0,0.6
2016-07-18,19.32,19.61,19.12,19.24,290000,0,0.24
2016-07-25,19.24,19.24,18.88,18.88,151000,0,-0.36
2016-08-01,18.88,19.16,18.76,18.88,276000,0,0.0
2016-08-08,18.88,19.16,18.76,18.76,232000,0,-0.12
2016-08-15,18.84,18.92,18.52,18.6,211000,0,-0.16
2016-08-22,18.52,18.88,18.48,18.68,376000,0,0.08
2016-08-29,18.88,18.96,18.64,18.64,235000,0,-0.04
2016-09-05,18.68,19.24,18.6,19.2,443000,0,0.56
2016-09-12,18.96,18.96,18.72,18.84,87000,0,-0.36
2016-09-19,19.0,19.0,18.68,18.84,204000,0,0.0
2016-09-26,18.84,18.92,18.72,18.76,78000,0,-0.08
2016-10-03,18.72,18.88,18.52,18.52,202000,0,-0.24
2016-10-10,18.84,18.84,17.63,17.63,308000,0,-0.89
2016-10-17,17.88,17.88,17.63,17.75,254000,0,0.12
2016-10-24,17.79,18.12,17.59,17.59,158000,0,-0.16
2016-10-31,17.63,17.63,16.43,16.43,285000,0,-1.17
2016-11-07,16.51,16.75,16.1,16.18,311000,0,-0.24
2016-11-14,16.26,16.35,16.1,16.26,165000,0,0.08
2016-11-21,16.26,16.71,16.14,16.39,419000,0,0.12
2016-11-28,16.39,16.51,16.18,16.18,172000,0,-0.2
2016-12-05,16.18,16.59,16.14,16.22,247000,0,0.04
2016-12-12,16.22,16.35,16.18,16.26,179000,0,0.04
2016-12-19,16.35,19.08,16.35,18.2,2101000,0,1.93
2016-12-26,18.28,18.28,17.67,17.92,379000,0,-0.28
2017-01-02,17.96,17.96,17.51,17.55,288000,0,-0.36
2017-01-09,17.55,17.55,17.03,17.39,273000,0,-0.16
2017-01-16,17.39,18.36,17.39,17.59,265000,0,0.2
2017-01-23,17.59,18.08,17.55,17.59,123000,0,0.0
2017-01-30,17.59,18.08,17.51,17.84,124000,0,0.24
2017-02-06,17.79,18.4,17.63,18.08,457000,0,0.24
2017-02-13,18.2,18.72,17.79,17.96,412000,0,-0.12
2017-02-20,17.88,18.04,17.71,17.96,307000,0,0.0
2017-02-27,18.04,18.36,17.96,17.96,138000,0,0.0
2017-03-06,17.92,17.92,17.35,17.35,238000,0,-0.6
2017-03-13,17.75,19.97,17.27,19.97,2711000,0,2.62
2017-03-20,19.97,19.97,18.6,18.68,1528000,0,-1.29
2017-03-27,18.68,18.68,17.31,17.84,744000,0,-0.85
2017-04-03,17.84,18.36,17.71,17.96,292000,0,0.12
2017-04-10,17.88,17.88,17.07,17.07,569000,0,-0.89
2017-04-17,17.07,17.35,16.87,17.19,257000,0,0.12
2017-04-24,16.99,17.51,16.79,16.99,278000,0,-0.2
2017-05-01,17.03,17.03,16.55,16.59,269000,0,-0.4
2017-05-08,16.51,16.59,16.1,16.26,470000,0,-0.32
2017-05-15,16.26,16.43,16.1,16.14,462000,0,-0.12
2017-05-22,16.14,16.91,16.1,16.43,442000,0,0.28
2017-05-29,16.51,16.51,16.22,16.39,88000,0,-0.04
2017-06-05,16.63,16.95,16.43,16.51,435000,0,0.12
2017-06-12,16.67,16.67,16.18,16.31,301000,0,-0.2
2017-06-19,16.35,16.47,16.22,16.26,296000,0,-0.04
2017-06-26,16.35,16.71,16.26,16.43,622000,0,0.16
2017-07-03,16.31,16.76,16.18,16.6,839000,0,0.17
2017-07-10,16.51,16.64,16.51,16.56,314000,0,-0.04
2017-07-17,16.6,16.72,16.56,16.6,222000,0,0.04
2017-07-24,16.6,16.64,16.51,16.56,344000,0,-0.04
2017-07-31,16.56,16.85,16.51,16.64,369000,0,0.08
2017-08-07,16.8,16.8,16.56,16.64,487000,0,0.0
2017-08-14,16.68,18.04,16.56,17.84,967000,0,1.2
2017-08-21,18.04,18.08,17.09,17.34,892695,0,-0.5
2017-08-28,17.34,17.34,17.34,17.34,0,0,0.0
2017-09-04,17.34,19.57,17.34,18.99,299378,0,1.65
2017-09-11,19.03,19.74,19.03,19.32,514037,0,0.33
2017-09-18,19.32,19.32,18.62,18.66,407047,0,-0.66
2017-09-25,18.58,19.32,18.17,18.33,222849,0,-0.33
2017-10-02,18.7,18.7,18.33,18.41,133391,0,0.08
2017-10-09,18.41,18.41,18.17,18.25,98407,0,-0.17
2017-10-16,18.62,18.62,18.12,18.21,198596,0,-0.04
2017-10-23,18.33,19.4,18.17,18.91,465448,0,0.7
2017-10-30,18.91,18.95,18.5,18.66,133121,0,-0.25
2017-11-06,18.66,18.66,18.37,18.37,143948,0,-0.29
2017-11-13,18.33,18.33,17.84,17.88,163060,0,-0.5
2017-11-20,17.88,18.17,17.63,18.17,165651,0,0.29
2017-11-27,18.21,18.99,17.88,17.96,277393,0,-0.21
2017-12-04,17.96,18.41,17.75,17.79,169768,0,-0.17
2017-12-11,18.08,18.12,17.71,17.71,134650,0,-0.08
2017-12-18,17.71,17.92,17.67,17.79,113437,0,0.08
2017-12-25,17.79,18.0,17.71,17.84,96862,0,0.04
2018-01-01,17.79,17.88,17.71,17.84,170846,0,0.0
2018-01-08,17.84,17.88,17.55,17.75,208513,0,-0.08
2018-01-15,17.55,17.84,17.55,17.71,149169,0,-0.04
2018-01-22,17.63,17.79,17.59,17.67,163320,0,-0.04
2018-01-29,17.75,17.79,17.59,17.63,145982,0,-0.04
2018-02-05,17.59,17.59,16.51,16.6,712847,0,-1.03
2018-02-12,16.6,17.13,16.6,17.05,59240,0,0.45
2018-02-19,17.05,17.59,17.05,17.3,74986,0,0.25
2018-02-26,17.3,17.59,17.01,17.34,130133,0,0.04
2018-03-05,17.34,17.75,17.22,17.22,160798,0,-0.12
2018-03-12,17.22,17.55,17.22,17.3,190175,0,0.08
2018-03-19,17.51,17.51,17.22,17.26,136033,0,-0.04
2018-03-26,17.22,17.51,17.09,17.42,187899,0,0.17
2018-04-02,17.38,17.42,17.22,17.42,59617,0,0.0
2018-04-09,17.42,18.0,17.22,17.34,441775,0,-0.08
2018-04-16,17.34,17.46,17.18,17.22,201438,0,-0.12
2018-04-23,17.22,17.46,17.13,17.34,181347,0,0.12
2018-04-30,17.22,17.51,17.22,17.42,79568,0,0.08
2018-05-07,17.34,17.42,17.18,17.34,196873,0,-0.08
2018-05-14,17.22,17.42,17.13,17.42,206764,0,0.08
2018-05-21,17.46,17.88,17.34,17.75,217015,0,0.33
2018-05-28,17.92,20.35,17.92,19.86,1671004,0,2.11
2018-06-04,20.07,21.39,20.07,20.23,1331075,0,0.37
2018-06-11,20.23,20.64,20.15,20.56,365853,0,0.33
2018-06-18,20.56,20.56,20.07,20.4,290496,0,-0.17
2018-06-25,20.23,22.29,20.15,21.47,652464,0,1.07
2018-07-02,21.72,22.38,19.61,19.82,611016,0,-1.65
2018-07-09,20.07,20.58,19.73,20.41,160623,0,0.59
2018-07-16,20.32,20.91,19.86,20.2,110682,0,-0.21
2018-07-23,20.37,20.91,19.9,20.2,110044,0,0.0
2018-07-30,20.03,20.66,19.94,20.2,148552,0,0.0
2018-08-06,20.11,20.53,19.82,19.9,112533,0,-0.3
2018-08-13,19.82,19.82,18.3,18.81,158286,0,-1.1
2018-08-20,18.43,18.93,18.38,18.55,78481,0,-0.25
2018-08-27,18.55,19.69,18.55,19.69,132220,0,1.14
2018-09-03,19.69,19.9,18.76,19.23,211122,0,-0.46
2018-09-10,19.1,20.58,18.89,19.82,147475,0,0.59
2018-09-17,19.82,20.07,18.97,19.02,117653,0,-0.8
2018-09-24,19.1,19.61,18.89,18.97,62322,0,-0.04
2018-10-01,18.97,19.14,18.22,18.55,114800,0,-0.42
2018-10-08,19.06,19.06,16.91,17.29,208445,0,-1.26
2018-10-15,17.12,17.12,16.87,16.91,323737,0,-0.38
2018-10-22,16.95,18.09,16.95,17.03,97372,0,0.13
2018-10-29,17.03,17.5,16.91,16.99,66234,0,-0.04
2018-11-05,16.99,17.41,16.99,17.08,60653,0,0.08
2018-11-12,17.08,17.12,17.08,17.12,10200,0,0.04
2018-11-19,17.16,19.86,16.87,17.92,1542589,0,0.8
2018-11-26,18.76,19.82,18.3,19.02,504221,0,1.1
2018-12-03,19.1,19.1,18.22,18.85,234173,0,-0.17
2018-12-10,18.93,18.93,18.0,18.0,119100,0,-0.84
2018-12-17,18.47,19.78,18.0,18.34,79392,0,0.34
2018-12-24,18.89,19.65,18.34,18.72,129860,0,0.38
2018-12-31,18.64,19.02,18.51,18.64,39843,0,-0.08
2019-01-07,18.72,18.72,18.05,18.05,101136,0,-0.59
2019-01-14,18.05,18.3,17.63,17.79,82241,0,-0.25
2019-01-21,17.84,18.13,17.71,17.84,56856,0,0.04
2019-01-28,17.71,17.71,17.46,17.67,43763,0,-0.17
2019-02-11,17.92,18.0,17.41,17.58,212226,0,-0.08
2019-02-18,17.63,20.83,17.63,19.48,1557540,0,1.9
2019-02-25,19.48,19.52,18.97,19.02,112896,0,-0.46
2019-03-04,18.76,19.35,18.55,18.81,174008,0,-0.21
2019-03-11,18.72,19.02,18.59,18.59,243149,0,-0.21
2019-03-18,18.59,19.19,18.55,19.02,147820,0,0.42
2019-03-25,18.76,19.4,18.59,19.06,236961,0,0.04
2019-04-01,19.1,19.23,18.93,19.19,89069,0,0.13
2019-04-08,19.19,19.52,18.89,18.89,283045,0,-0.3
2019-04-15,18.72,19.23,18.64,18.72,176929,0,-0.17
2019-04-22,18.81,18.97,18.51,18.64,160445,0,-0.08
2019-04-29,18.64,18.97,18.3,18.55,76342,0,-0.08
2019-05-06,18.55,18.55,17.5,17.5,148660,0,-1.05
2019-05-13,17.33,18.34,16.99,17.12,135212,0,-0.38
2019-05-20,17.29,18.81,17.08,18.38,471414,0,1.26
2019-05-27,18.51,18.55,17.33,17.46,167631,0,-0.93
2019-06-03,17.58,17.79,17.33,17.33,68565,0,-0.13
2019-06-10,17.37,17.63,17.29,17.41,80633,0,0.08
2019-06-17,17.29,17.71,17.25,17.5,93686,0,0.08
2019-06-24,17.5,17.67,17.29,17.46,82201,0,-0.04
2019-07-01,17.54,17.58,17.29,17.46,147003,0,0.0
2019-07-08,17.46,17.76,17.33,17.68,184597,0,0.22
2019-07-15,17.68,17.72,17.46,17.59,79744,0,-0.09
2019-07-22,17.63,17.72,17.42,17.5,185862,0,-0.09
2019-07-29,17.42,17.63,17.42,17.55,104027,0,0.04
2019-08-05,17.55,17.55,17.33,17.46,122555,0,-0.09
2019-08-12,17.72,17.72,17.33,17.42,141314,0,-0.04
2019-08-19,17.42,17.68,17.37,17.55,145057,0,0.13
2019-08-26,17.55,17.59,17.37,17.55,157191,0,0.0
2019-09-02,17.55,17.76,17.5,17.55,184173,0,0.0
2019-09-09,18.32,18.32,17.72,18.02,109055,0,0.48
2019-09-16,18.02,18.41,17.59,18.24,134768,0,0.22
2019-09-23,18.06,18.24,17.59,17.85,110928,0,-0.39
2019-09-30,17.63,17.89,17.5,17.59,47049,0,-0.26
2019-10-07,17.59,20.1,17.55,19.23,1721249,0,1.64
2019-10-14,19.32,19.45,18.58,18.76,448591,0,-0.48
2019-10-21,18.89,19.02,18.63,18.8,160014,0,0.04
2019-10-28,19.19,19.4,18.5,18.63,142667,0,-0.17
2019-11-04,18.63,18.93,18.54,18.58,90478,0,-0.04
2019-11-11,18.37,18.37,17.81,18.28,83752,0,-0.3
2019-11-18,18.28,18.58,17.89,18.11,53450,0,-0.17
2019-11-25,18.24,18.32,17.85,18.11,106927,0,0.0
2019-12-02,17.85,17.98,17.76,17.81,71504,0,-0.3
2019-12-09,17.81,17.89,17.55,17.59,122985,0,-0.22
2019-12-16,17.89,18.06,17.55,17.59,230956,0,0.0
2019-12-23,17.59,17.63,17.46,17.46,284013,0,-0.13
2019-12-30,17.46,17.68,17.46,17.5,147893,0,0.04
2020-01-06,17.5,17.55,17.42,17.5,131755,0,0.0
2020-01-13,17.55,18.15,17.37,17.59,190945,0,0.09
2020-01-20,17.55,17.59,17.55,17.55,7349,0,-0.04
2020-01-27,17.5,17.5,17.29,17.37,222330,0,-0.17
2020-02-03,17.29,17.72,17.29,17.33,423085,0,-0.04
2020-02-10,17.33,17.55,17.33,17.37,155309,0,0.04
2020-02-17,17.37,17.89,17.29,17.37,311415,0,0.0
2020-02-24,17.33,17.93,17.29,17.33,226507,0,-0.04
2020-03-02,17.33,17.63,17.29,17.33,298398,0,0.0
2020-03-09,17.37,17.68,17.29,17.33,1181168,0,0.0
2020-03-16,17.42,17.72,17.29,17.37,1371141,0,0.04
2020-03-23,17.33,17.59,17.29,17.33,454153,0,-0.04
2020-03-30,17.29,17.46,17.29,17.33,185400,0,0.0
2020-04-06,17.33,17.68,17.29,17.37,445653,0,0.04
2020-04-13,17.46,17.55,17.33,17.33,268961,0,-0.04
2020-04-20,17.33,17.5,17.29,17.29,262227,0,-0.04
2020-04-27,17.37,18.84,17.29,18.24,658455,0,0.95
2020-05-04,17.98,18.54,17.76,18.15,268817,0,-0.09
2020-05-11,18.84,19.4,18.37,18.5,715924,0,0.35
2020-05-18,18.41,19.19,18.41,18.63,233689,0,0.13
2020-05-25,18.84,19.23,18.54,18.76,365970,0,0.13
2020-06-01,18.84,19.02,18.63,18.84,335414,0,0.09
2020-06-08,18.84,24.89,18.84,23.25,4799026,0,4.41
2020-06-15,24.16,28.0,23.47,25.5,4785024,0,2.25
2020-06-22,25.2,26.36,24.2,24.85,939375,0,-0.65
2020-06-29,24.03,24.98,23.16,23.86,965843,0,-0.99
2020-07-06,24.16,25.64,23.51,23.68,1548083,0,-0.17
2020-07-13,23.81,25.16,23.51,23.86,990924,0,0.17
2020-07-20,23.9,29.21,23.77,26.6,4999296,0,2.74
2020-07-27,26.82,27.3,23.86,24.82,1403873,0,-1.78
2020-08-03,24.9,26.86,24.86,25.29,1014333,0,0.48
2020-08-10,26.08,27.56,25.25,25.69,974097,0,0.39
2020-08-17,25.69,26.99,23.99,24.6,832814,0,-1.09
2020-08-24,24.64,25.69,24.64,24.86,398514,0,0.26
2020-08-31,24.9,25.25,23.16,24.64,483629,0,-0.22
2020-09-07,24.82,28.25,24.42,26.91,2387231,0,2.26
2020-09-14,27.21,31.87,26.12,30.82,7927656,0,3.92
2020-09-21,30.82,32.17,25.64,26.51,3366017,0,-4.31
2020-09-28,26.99,28.08,26.34,27.43,638520,0,0.91
2020-10-05,27.34,28.82,27.25,28.08,718410,0,0.65
2020-10-12,28.65,28.65,26.69,26.69,861641,0,-1.39
2020-10-19,26.69,27.25,26.34,26.56,348760,0,-0.13
2020-10-26,26.99,26.99,25.69,25.82,369140,0,-0.74
2020-11-02,25.77,26.12,25.25,25.77,253783,0,-0.04
2020-11-09,25.64,26.08,23.81,23.99,749609,0,-1.78
2020-11-16,24.25,24.95,23.6,24.82,642748,0,0.83
2020-11-23,24.9,25.16,24.16,24.25,550869,0,-0.57
2020-11-30,24.25,24.38,23.68,23.77,384384,0,-0.48
2020-12-07,23.94,25.73,23.94,25.16,797487,0,1.39
2020-12-14,25.69,25.69,23.99,24.47,203249,0,-0.7
2020-12-21,24.34,25.25,23.9,24.68,369399,0,0.22
2020-12-28,24.73,25.51,24.38,25.25,350686,0,0.57
2021-01-04,25.16,25.56,24.16,24.21,274752,0,-1.04
2021-01-11,23.99,27.78,23.99,24.73,2283702,0,0.52
2021-01-18,24.73,25.86,24.21,24.51,351484,0,-0.22
2021-01-25,24.51,24.86,23.77,23.99,250098,0,-0.52
2021-02-01,23.68,24.42,23.68,24.34,243389,0,0.35
2021-02-15,24.38,24.99,24.29,24.82,183237,0,0.48
2021-02-22,24.77,26.77,24.77,25.69,665050,0,0.87
2021-03-01,25.73,25.73,25.42,25.47,131139,0,-0.22
2021-03-08,25.6,25.6,24.51,24.73,181329,0,-0.74
2021-03-15,24.73,25.21,24.64,24.82,307279,0,0.09
2021-03-22,24.95,25.25,24.55,24.95,286584,0,0.13
2021-03-29,24.99,25.38,24.86,24.9,277086,0,-0.04
2021-04-05,24.99,25.38,24.82,25.21,235099,0,0.3
2021-04-12,25.51,27.08,25.38,26.47,1371928,0,1.26
2021-04-19,26.51,28.04,25.34,25.64,883166,0,-0.83
2021-04-26,25.64,27.65,25.64,26.69,627434,0,1.04
2021-05-03,27.12,27.25,24.77,25.08,680321,0,-1.61
2021-05-10,25.12,25.25,21.11,21.81,754201,0,-3.27
2021-05-17,20.98,22.16,19.29,21.77,431161,0,-0.04
2021-05-24,21.38,22.55,21.16,22.03,130544,0,0.26
2021-05-31,22.03,22.51,21.59,21.59,121541,0,-0.44
2021-06-07,21.33,22.81,21.16,21.9,97347,0,0.3
2021-06-14,22.03,23.03,21.68,22.64,273491,0,0.74
2021-06-21,22.64,22.64,21.64,21.81,180484,0,-0.83
2021-06-28,21.85,21.85,21.38,21.64,192327,0,-0.17
2021-07-05,21.64,22.38,21.46,21.9,292640,0,0.26
2021-07-12,22.16,23.16,22.07,22.64,335130,0,0.74
2021-07-19,22.25,22.77,22.07,22.07,172509,0,-0.57
2021-07-26,22.03,22.77,22.03,22.07,252995,0,-0.0
2021-08-02,22.25,22.38,21.94,22.12,115318,0,0.04
2021-08-09,22.03,22.03,21.19,21.28,160974,0,-0.83
2021-08-16,21.28,21.46,20.45,20.97,130169,0,-0.31
2021-08-23,21.11,21.46,20.8,20.89,163973,0,-0.09
2021-08-30,20.97,21.28,20.89,21.06,139400,0,0.18
2021-09-06,20.97,21.06,20.45,20.58,199663,0,-0.48
2021-09-13,20.62,20.84,20.54,20.71,68482,0,0.13
2021-09-20,20.54,20.71,20.54,20.58,85620,0,-0.13
2021-09-27,20.97,21.02,20.58,20.67,121552,0,0.09
2021-10-04,20.67,21.11,20.45,20.62,104456,0,-0.04
2021-10-11,20.62,20.89,20.27,20.84,105489,0,0.22
2021-10-18,20.67,20.67,20.32,20.36,137418,0,-0.48
2021-10-25,20.36,20.62,20.32,20.58,118757,0,0.22
2021-11-01,20.8,20.84,20.62,20.84,118098,0,0.26
2021-11-08,20.84,21.33,20.62,20.84,119557,0,0.0
2021-11-15,20.89,21.72,20.54,21.37,257706,0,0.53
2021-11-22,21.63,21.72,20.93,20.93,80444,0,-0.44
2021-11-29,20.84,21.06,20.71,20.71,96322,0,-0.22
2021-12-06,20.8,21.54,20.75,21.24,147327,0,0.53
2021-12-13,21.5,21.76,21.02,21.5,215147,0,0.26
2021-12-20,21.72,24.05,21.37,24.05,483589,0,2.54
2021-12-27,24.13,25.27,23.65,23.83,1248348,0,-0.22
2022-01-03,24.13,24.4,22.99,23.48,278658,0,-0.35
2022-01-10,23.48,23.48,22.29,22.47,154678,0,-1.01
2022-01-17,22.64,24.13,22.12,22.25,491830,0,-0.22
2022-01-24,22.42,22.64,21.24,21.5,121435,0,-0.75
2022-02-07,21.63,22.38,21.11,21.85,211787,0,0.35
2022-02-14,21.72,22.77,21.37,21.81,177151,0,-0.04
2022-02-21,21.72,21.9,21.33,21.37,118848,0,-0.44
2022-02-28,21.41,21.72,21.24,21.5,99468,0,0.13
2022-03-07,22.12,22.12,21.06,21.24,195066,0,-0.26
2022-03-14,21.28,21.33,20.89,21.15,170644,0,-0.09
2022-03-21,21.33,21.63,21.06,21.19,139800,0,0.04
2022-03-28,21.11,21.37,20.97,21.15,104583,0,-0.04
2022-04-04,21.37,21.37,21.11,21.33,25600,0,0.18
2022-04-11,21.41,21.5,21.02,21.11,103304,0,-0.22
2022-04-18,21.11,21.33,20.97,20.97,86675,0,-0.13
2022-04-25,20.97,21.15,20.75,20.84,64177,0,-0.13
2022-05-02,20.89,21.59,20.8,21.06,49173,0,0.22
2022-05-09,20.97,21.24,20.27,20.67,93278,0,-0.39
2022-05-16,20.97,21.46,20.27,21.06,112263,0,0.39
2022-05-23,21.15,23.17,21.06,21.5,994096,0,0.44
2022-05-30,21.59,21.68,21.24,21.28,113265,0,-0.22
2022-06-06,21.37,21.46,21.11,21.37,108899,0,0.09
2022-06-13,20.93,21.33,20.27,20.45,307956,0,-0.92
2022-06-20,20.49,21.72,20.32,21.06,146535,0,0.61
2022-06-27,21.68,21.68,20.71,20.71,99856,0,-0.35
2022-07-04,21.41,21.41,20.18,20.18,250078,0,-0.53
2022-07-11,20.41,20.59,19.92,20.01,182876,0,-0.18
2022-07-18,19.96,20.5,19.96,20.27,74300,0,0.27
2022-07-25,20.27,20.85,20.05,20.45,96555,0,0.18
2022-08-01,20.36,20.63,19.65,20.01,176792,0,-0.45
2022-08-08,20.01,20.59,19.96,20.5,71313,0,0.49
2022-08-15,20.5,24.6,20.41,23.17,3834007,0,2.67
2022-08-22,23.17,26.33,22.55,24.11,6342616,0,0.94
2022-08-29,23.17,23.66,22.37,22.64,825215,0,-1.47
2022-09-05,22.81,22.81,21.39,22.01,506810,0,-0.62
2022-09-12,22.59,26.38,22.37,25.22,3715129,0,3.21
2022-09-19,25.35,25.4,22.46,22.5,1063609,0,-2.72
2022-09-26,21.74,21.97,19.65,20.45,1144232,0,-2.05
2022-10-03,20.32,21.48,20.1,20.94,433696,0,0.49
2022-10-10,20.59,20.59,19.16,20.01,539705,0,-0.94
2022-10-17,19.96,21.34,19.61,20.32,688705,0,0.31
2022-10-24,20.36,20.54,19.74,19.92,209795,0,-0.4
2022-10-31,20.23,22.64,20.1,22.01,1060354,0,2.09
2022-11-07,22.19,25.44,22.1,23.21,4245969,0,1.2
2022-11-14,23.21,28.2,23.17,27.27,9029804,0,4.05
2022-11-21,27.31,32.62,27.22,27.63,26485245,0,0.36
2022-11-28,27.4,31.15,27.22,29.81,20083870,0,2.18
2022-12-05,30.08,30.52,26.11,26.11,7890523,0,-3.7
2022-12-12,25.58,25.93,24.28,24.46,3316265,0,-1.65
2022-12-19,24.28,24.55,23.44,23.57,1460465,0,-0.89
2022-12-26,23.75,23.79,22.32,22.68,1134150,0,-0.89
2023-01-02,22.72,23.53,22.1,22.99,644348,0,0.31
2023-01-09,23.13,23.93,22.5,22.5,786040,0,-0.49
2023-01-16,22.41,23.35,22.37,22.72,262200,0,0.22
2023-01-30,22.81,24.51,22.77,24.33,1165019,0,1.6
2023-02-06,24.28,25.66,23.97,24.33,2700860,0,0.0
2023-02-13,24.19,24.64,23.84,23.97,1015731,0,-0.36
2023-02-20,23.97,24.64,23.21,23.21,1247732,0,-0.76
2023-02-27,23.26,25.17,23.13,24.86,1549596,0,1.65
2023-03-06,25.84,26.07,24.55,24.64,3516153,0,-0.22
2023-03-13,24.33,24.33,22.77,23.04,977227,0,-1.6
2023-03-20,23.08,25.09,22.77,24.51,1392487,0,1.47
2023-03-27,24.95,25.44,23.26,24.37,1354042,0,-0.13
2023-04-03,24.15,25.75,24.15,25.71,1393006,0,1.34
2023-04-10,26.56,26.56,25.0,25.17,2503465,0,-0.53
2023-04-17,25.13,25.8,23.44,23.66,1532459,0,-1.51
2023-04-24,23.7,24.19,22.86,23.79,773222,0,0.13
2023-05-01,23.84,26.2,23.84,25.09,2503676,0,1.29
2023-05-08,25.09,25.62,23.44,24.15,1622508,0,-0.94
2023-05-15,23.97,25.13,23.7,24.82,652966,0,0.67
2023-05-22,25.04,25.58,24.37,24.46,908597,0,-0.36
2023-05-29,24.95,25.62,24.64,25.17,649664,0,0.71
2023-06-05,25.22,25.49,24.28,24.37,712005,0,-0.8
2023-06-12,24.42,26.11,24.15,24.86,2663892,0,0.49
2023-06-19,24.95,26.11,24.82,25.93,1296900,0,1.07
2023-06-26,26.2,28.29,25.62,27.18,8891185,0,1.25
2023-07-03,27.22,27.58,25.8,26.02,2495225,0,-1.16
2023-07-10,25.98,26.69,24.84,25.16,1692066,0,-0.86
2023-07-17,25.16,25.53,24.19,25.35,1357568,0,0.18
2023-07-24,25.53,25.62,24.7,24.93,592010,0,-0.42
2023-07-31,25.02,25.48,23.91,24.47,519449,0,-0.46
2023-08-07,24.28,24.84,23.36,23.73,518327,0,-0.74
2023-08-14,23.5,24.01,22.81,23.5,500804,0,-0.23
2023-08-21,23.96,24.01,23.08,23.36,338368,0,-0.14
2023-08-28,23.82,24.38,23.08,24.28,369032,0,0.92
2023-09-04,24.28,24.28,23.87,24.01,225050,0,-0.28
2023-09-11,24.28,25.99,24.01,25.35,671580,0,1.34
2023-09-18,25.11,25.39,24.47,24.74,291745,0,-0.6
2023-09-25,25.25,25.25,23.91,24.28,134837,0,-0.46
2023-10-02,24.47,24.7,23.78,24.19,132210,0,-0.09
2023-10-09,24.38,24.93,24.24,24.65,166820,0,0.46
2023-10-16,24.84,24.84,24.19,24.51,172564,0,-0.14
2023-10-23,24.56,24.93,24.24,24.28,217184,0,-0.23
2023-10-30,24.42,24.65,23.82,24.14,158884,0,-0.14
2023-11-06,24.38,25.16,24.05,24.79,335358,0,0.65
2023-11-13,24.65,24.88,24.42,24.74,457391,0,-0.05
2023-11-20,24.74,25.67,24.7,25.11,909863,0,0.37
2023-11-27,25.16,25.53,24.88,25.39,474418,0,0.28
2023-12-04,25.48,25.76,24.74,25.07,587489,0,-0.32
2023-12-11,24.98,25.25,24.79,25.11,400243,0,0.05
2023-12-18,25.25,25.48,25.02,25.07,423547,0,-0.05
2023-12-25,25.02,25.25,24.93,25.07,212004,0,0.0
2024-01-01,25.11,25.11,24.84,24.93,272379,0,-0.14
2024-01-08,24.98,25.02,24.7,24.79,182310,0,-0.14
2024-01-15,24.84,24.84,23.36,23.64,708084,0,-1.15
2024-01-22,23.64,25.85,23.64,24.47,2327059,0,0.83
2024-01-29,24.84,25.35,24.47,25.11,1005105,0,0.65
2024-02-05,25.3,25.39,24.84,24.84,122025,0,-0.28
2024-02-12,24.88,25.21,24.79,25.02,201346,0,0.18
2024-02-19,25.07,25.81,25.02,25.3,836455,0,0.28
2024-02-26,25.3,27.28,25.25,26.78,2099114,0,1.48
2024-03-04,27.88,28.35,25.11,25.21,3642100,0,-1.57
2024-03-11,25.21,26.78,25.16,25.35,963805,0,0.14
2024-03-18,25.85,25.85,25.07,25.25,448448,0,-0.09
2024-03-25,25.25,25.35,24.98,25.16,322722,0,-0.09
2024-04-01,25.16,25.35,24.74,24.88,216818,0,-0.28
2024-04-08,24.84,25.02,24.65,24.84,422809,0,-0.05
2024-04-15,24.74,25.11,23.78,23.78,356385,0,-1.06
2024-04-22,23.82,24.61,23.73,24.24,250150,0,0.46
2024-04-29,24.24,24.65,24.14,24.51,235513,0,0.28
2024-05-06,24.84,25.16,24.56,24.93,343881,0,0.42
2024-05-13,24.88,25.16,24.65,25.16,255416,0,0.23
2024-05-20,25.25,26.91,25.02,26.13,1146706,0,0.97
2024-05-27,26.22,27.47,26.13,27.05,1613249,0,0.92
2024-06-03,27.15,27.38,26.18,26.5,789178,0,-0.55
2024-06-10,26.78,27.28,25.95,26.96,837053,0,0.46
2024-06-17,27.24,30.24,27.05,29.59,3293942,0,2.63
2024-06-24,29.64,30.84,27.84,28.72,2445177,0,-0.88
2024-07-01,28.62,30.79,28.48,30.05,2808646,0,1.34
2024-07-08,30.47,30.47,27.38,28.31,1617078,0,-1.75
2024-07-15,28.49,28.97,27.74,28.45,1050452,0,0.14
2024-07-22,28.87,29.35,27.83,28.31,775519,0,-0.14
2024-07-29,28.49,29.02,27.88,28.02,520807,0,-0.28
2024-08-05,27.97,27.97,23.57,25.94,923322,0,-2.08
2024-08-12,25.94,25.99,25.28,25.61,637925,0,-0.33
2024-08-19,25.61,26.03,25.42,26.03,393214,0,0.43
2024-08-26,26.03,26.22,25.65,26.08,511928,0,0.05
2024-09-02,26.32,26.32,24.23,24.52,626144,0,-1.56
2024-09-09,24.52,25.37,24.0,25.04,518174,0,0.52
2024-09-16,25.09,25.47,24.8,25.23,121448,0,0.19
2024-09-23,25.23,26.18,25.09,26.18,354606,0,0.95
2024-09-30,26.22,26.22,25.61,25.7,151257,0,-0.47
2024-10-07,25.89,25.89,24.94,24.94,175084,0,-0.76
2024-10-14,24.94,25.75,24.9,25.37,226097,0,0.43
2024-10-21,25.75,27.12,25.32,26.55,503404,0,1.18
2024-10-28,26.55,27.12,25.75,26.22,196281,0,-0.33
2024-11-04,26.13,27.22,25.99,26.51,345185,0,0.28
2024-11-11,26.7,26.7,25.47,25.65,196831,0,-0.85
2024-11-18,25.7,26.27,25.47,25.89,115346,0,0.24
2024-11-25,25.89,26.27,24.52,24.66,375654,0,-1.23
2024-12-02,24.66,24.66,23.9,24.42,797954,0,-0.24
2024-12-09,24.8,24.8,23.86,23.86,325944,0,-0.57
2024-12-16,23.71,23.71,22.91,22.96,356031,0,-0.9
2024-12-23,23.34,23.67,23.0,23.57,301373,0,0.62
2024-12-30,23.67,23.67,22.96,22.96,147526,0,-0.62
2025-01-06,22.96,23.29,22.44,22.44,230327,0,-0.52
2025-01-13,22.39,22.67,21.77,22.44,165530,0,0.0
2025-01-20,22.48,23.19,22.39,23.05,67960,0,0.62
2025-02-03,22.96,24.28,22.67,23.52,106238,0,0.47
2025-02-10,23.57,24.66,23.29,24.61,271307,0,1.09
2025-02-17,24.61,24.71,24.19,24.38,131832,0,-0.24
2025-02-24,24.14,24.28,23.81,24.05,130889,0,-0.33
2025-03-03,23.95,26.32,23.71,26.32,1352426,0,2.27
2025-03-10,27.17,27.55,25.23,25.65,3795984,0,-0.66
2025-03-17,25.94,30.15,25.47,26.79,4454478,0,1.14
2025-03-24,26.65,29.96,26.32,28.07,5911134,0,1.28
2025-03-31,27.6,30.2,25.94,30.2,8541751,0,2.13
2025-04-07,27.22,32.61,26.79,31.57,51918625,0,1.37
2025-04-14,33.32,41.46,31.71,37.68,50823614,0,6.11
2025-04-21,40.47,46.67,34.84,46.67,102421175,0,8.99
2025-04-28,47.33,50.74,42.36,45.44,112113402,0,-1.23
2025-05-05,45.44,50.08,40.99,42.98,98670108,0,-2.46
2025-05-12,44.59,48.85,40.9,41.32,44940038,0,-1.66
2025-05-19,41.32,51.5,39.95,48.75,144648597,0,7.43
2025-05-26,48.28,50.17,43.22,43.26,57043359,0,-5.49
2025-06-02,43.55,52.07,41.75,47.0,99988166,0,3.74
2025-06-09,47.62,48.75,44.78,44.97,32551613,0,-2.04
2025-06-16,44.49,49.61,44.11,45.68,86420305,0,0.71
2025-06-23,45.35,51.59,44.07,46.29,73147509,0,0.62
2025-06-30,46.58,48.66,43.03,43.03,20468533,0,-3.26
2025-07-07,43.32,45.98,41.43,41.72,19894105,0,-1.31
2025-07-14,41.77,41.97,39.93,40.08,8588442,0,-1.64
2025-07-21,40.13,40.71,38.1,38.87,6972901,0,-1.21
2025-07-28,39.02,39.31,37.52,37.52,4171628,0,-1.35
2025-08-04,38.29,40.22,37.9,38.48,4772582,0,0.97
2025-08-11,38.53,41.39,38.53,38.77,7635851,0,0.29
2025-08-18,38.68,43.56,38.1,38.1,25865025,0,-0.68
2025-08-25,38.53,39.26,37.52,37.52,4668191,0,-0.58
2025-09-01,37.42,38.29,35.73,36.41,3433713,0,-1.11
2025-09-08,36.74,37.23,34.04,34.04,4795695,0,-2.37
2025-09-15,34.08,34.71,33.65,33.79,1818844,0,-0.24
2025-09-22,33.84,34.28,33.02,33.31,1929609,0,-0.48
2025-09-29,33.31,33.94,32.39,32.73,1016320,0,-0.58
2025-10-06,32.63,34.08,32.54,33.21,947271,0,0.48
2025-10-13,31.91,33.89,31.47,31.72,1687797,0,-1.5
2025-10-20,31.86,32.73,31.18,32.01,1127200,0,0.29
2025-10-27,32.39,32.39,30.46,30.46,1296489,0,-1.55
2025-11-03,30.46,34.13,29.78,30.65,4917560,0,0.19
2025-11-10,30.89,32.3,30.12,31.23,2359399,0,0.58
2025-11-17,31.23,31.23,28.91,29.01,1528060,0,-2.22
2025-11-24,29.25,31.81,29.15,30.17,1487144,0,1.16
2025-12-01,29.93,30.22,29.1,29.15,727469,0,-1.02
2025-12-08,29.2,29.98,28.57,28.72,823483,0,-0.44
2025-12-15,28.62,29.35,28.14,28.48,711146,0,-0.24
2025-12-22,28.62,30.56,28.62,28.86,1002265,0,0.39
2025-12-29,28.91,30.17,28.77,29.98,814700,0,1.11
2026-01-05,30.07,30.99,29.01,29.3,2046806,0,-0.68
2026-01-12,29.64,32.83,29.2,31.14,3058403,0,1.84
2026-01-19,31.23,33.46,30.6,30.85,3650288,0,-0.29
2026-01-26,30.89,31.76,29.1,29.3,1308827,0,-1.55
2026-02-02,28.86,30.85,28.43,29.64,1361000,0,0.34
2026-02-09,29.98,30.56,28.91,28.91,696522,0,-0.73
2026-02-23,29.01,30.99,28.86,30.41,1090540,0,1.5
2026-03-02,30.17,30.56,27.22,27.7,1137549,0,-2.71
2026-03-09,27.07,27.75,25.72,26.93,904211,0,-0.77
2026-03-16,26.93,28.38,26.49,27.03,787467,0,0.1
2026-03-23,26.69,27.03,25.91,26.45,650036,0,-0.58
2026-03-30,26.3,27.32,25.48,25.82,688247,0,-0.63
2026-04-06,25.82,29.1,25.48,27.94,2511519,0,2.13
2026-04-13,28.38,29.4,27.61,28.62,1599195,0,0.68
2026-04-20,29.1,29.35,26.74,28.23,1525206,0,-0.39
2026-04-27,27.9,27.9,26.45,26.54,721788,0,-1.69
2026-05-04,27.03,28.23,26.69,27.8,999047,0,1.26
2026-05-11,27.46,27.46,25.62,25.72,1347718,0,-2.08
2026-05-18,26.59,27.17,25.48,26.98,830272,0,1.26
2026-05-25,27.22,27.7,26.4,26.45,1650112,0,-0.53
2026-06-01,26.59,30.75,26.59,28.43,5696590,0,1.98
2026-06-08,26.64,28.57,26.2,27.75,1508218,0,-0.68
2026-06-15,27.75,28.91,27.36,28.43,847506,0,0.68
2026-06-22,29.01,31.14,28.04,28.04,4513666,0,-0.39
2026-06-29,28.14,29.78,27.56,29.25,1156428,0,1.21
2026-07-06,29.8,30.1,28.25,29.1,1024777,0,-0.15
2026-07-13,29.35,29.35,27.0,27.05,1520809,0,-2.05
2026-07-20,27.4,27.65,26.4,26.6,676069,0,-0.45
2026-07-27,26.7,26.95,25.0,26.5,966400,0,-0.1
2026-08-03,26.5,27.25,25.95,26.1,611115,0,-0.4
2026-08-10,26.55,26.65,25.9,26.55,459740,0,0.45
2026-08-17,26.55,27.0,26.0,26.35,404347,0,-0.2
2026-08-24,26.2,26.55,25.8,26.2,451056,0,-0.15
2026-08-31,26.2,26.45,25.85,26.2,390225,0,0.0
2026-09-07,26.25,26.25,25.7,26.1,325056,0,-0.1
2026-09-14,26.1,28.6,26.0,27.8,2923703,0,1.7
2026-09-21,28.3,28.3,27.1,27.15,376610,0,-0.65
